{"cameraMode":{"drawMode":0,"name":"Shaded","section":"Shading Mode"},"sceneLighting":true,"audioPlay":false,"sceneViewState":{"m_AlwaysRefresh":false,"showFog":true,"showSkybox":true,"showFlares":true,"showImageEffects":true,"showParticleSystems":true,"showVisualEffectGraphs":true,"m_FxEnabled":true},"in2DMode":false,"pivot":{"x":-4.982243061065674,"y":-5.353847503662109,"z":17.286136627197267},"rotation":{"x":0.22778120636940003,"y":0.010525794699788094,"z":-0.0024629607796669008,"w":0.9736637473106384},"size":20.098947525024415,"orthographic":false}